cpu,mean,std,min,max,count
BlazeFace,22.00196385383606,1.8669656928151561,18.155336380004883,33.58745574951172,200
