cuda,mean,std,min,max,count
BlazeFace,4.264653921127319,0.586072003435484,4.05430793762207,8.533716201782227,200
