mtgpu,mean,std,min,max,count
BlazeFace,14.048933982849121,9.155704481034842,7.390737533569336,54.18252944946289,200
