mtgpu,mean,std,min,max,count
BlazeFace,12.582852840423584,5.45489050141577,7.527828216552734,35.29191017150879,200
